Workbook

Sheet Clean
A1: Number | B1: District Name in Arabic | C1: District Name in English | D1: Region | E1: New Region | F1: name_en | G1: Done (Yes or No) | H1: Need to be checked (Yes or No) | I1: Empty based on google map (Yes or No) | J1: Comments
A2: 50 | B2: الراية | C2: Al Rayah | D2: East | E2: =VLOOKUP(C2, Sheet2!C:D, 2, FALSE) -> East | F2: Al Rayah | G2: No | H2: No | I2: Yes
A3: 51 | B3: البساتين | C3: Al Basatin | D3: East | E3: =VLOOKUP(C3, Sheet2!C:D, 2, FALSE) -> East | F3: Al Basatin | G3: No | H3: No | I3: Yes | J3: Includes Dhahyat Al Fursan
A4: 52 | B4: الشعلة | C4: Al Sholah | D4: East | E4: =VLOOKUP(C4, Sheet2!C:D, 2, FALSE) -> East | F4: Al Sholah | G4: No | H4: No | I4: Yes
A5: 53 | B5: الزاهر | C5: Al Zaher | D5: East | E5: =VLOOKUP(C5, Sheet2!C:D, 2, FALSE) -> East | F5: Al Zaher | G5: No | H5: No | I5: Yes
A6: 54 | B6: الزهور | C6: Al Zahour | D6: East | E6: =VLOOKUP(C6, Sheet2!C:D, 2, FALSE) -> East | F6: Al Zahour | G6: No | H6: No | I6: Yes
A7: 55 | B7: المجد | C7: Al Majd | D7: East | E7: =VLOOKUP(C7, Sheet2!C:D, 2, FALSE) -> East | F7: Al Majd | G7: No | H7: No | I7: Yes
A8: 56 | B8: الرسالة | C8: Al Risalah | D8: East | E8: =VLOOKUP(C8, Sheet2!C:D, 2, FALSE) -> East | F8: Al Risalah | G8: No | H8: No | I8: Yes
A9: 57 | B9: العلا | C9: Al Ula | D9: East | E9: =VLOOKUP(C9, Sheet2!C:D, 2, FALSE) -> East | F9: Al Ula | G9: No | H9: No | I9: Yes
A10: 58 | B10: الدانة | C10: Al Danah | D10: East | E10: =VLOOKUP(C10, Sheet2!C:D, 2, FALSE) -> East | F10: Al Danah | G10: No | H10: No | I10: Yes
A11: 59 | B11: النخبة | C11: Al Nakhbah | D11: East | E11: =VLOOKUP(C11, Sheet2!C:D, 2, FALSE) -> East | F11: Al Nakhbah | G11: No | H11: No | I11: Yes
A12: 60 | B12: البشائر | C12: Al Bashaer | D12: East | E12: =VLOOKUP(C12, Sheet2!C:D, 2, FALSE) -> East | F12: Al Bashaer | G12: No | H12: No | I12: Yes
A13: 61 | B13: المشرق | C13: Al Mashriq | D13: East | E13: =VLOOKUP(C13, Sheet2!C:D, 2, FALSE) -> East | F13: Al Mashriq | G13: No | H13: No | I13: Yes
A14: 62 | B14: الوسام | C14: Al Wasam | D14: East | E14: =VLOOKUP(C14, Sheet2!C:D, 2, FALSE) -> East | F14: Al Wasam | G14: No | H14: No | I14: Yes
A15: 63 | B15: السحاب | C15: Al Sahab | D15: East | E15: =VLOOKUP(C15, Sheet2!C:D, 2, FALSE) -> East | F15: Al Sahab | G15: No | H15: No | I15: Yes
... A23: 151 | B23: مدينة الملك عبدالله للطاقة | C23: King Abdullah City For Energy | D23: West | E23: =VLOOKUP(C23, Sheet2!C:D, 2, FALSE) -> West | F23: King Abdullah City For Energy | G23: No | H23: No | I23: Yes
A24: 190 | B24: السهباء | C24: Asehbaa | D24: South | E24: =VLOOKUP(C24, Sheet2!C:D, 2, FALSE) -> South | F24: Asehbaa | G24: No | H24: No | I24: Yes | J24: A separate district but part of Al Haer
A25: 1 | B25: الفيصلية | C25: Al Faisaliyah | D25: Center | E25: =VLOOKUP(C25, Sheet2!C:D, 2, FALSE) -> Center | F25: Al Faisaliyah | G25: No | H25: Yes | I25: No
A26: 2 | B26: الصناعية | C26: Al Sinaiyah | D26: Center | E26: =VLOOKUP(C26, Sheet2!C:D, 2, FALSE) -> Center | F26: Al Sinaiyah | G26: No | H26: Yes | I26: No
A27: 3 | B27: الخالدية | C27: Al Khalidiyah | D27: Center | E27: =VLOOKUP(C27, Sheet2!C:D, 2, FALSE) -> Center | F27: Al Khalidiyah | G27: No | H27: Yes | I27: No
A28: 4 | B28: البطيحا | C28: Al Butaiha | D28: Center | E28: =VLOOKUP(C28, Sheet2!C:D, 2, FALSE) -> Center | F28: Al Butaiha | G28: No | H28: Yes | I28: No
A29: 49 | B29: الندوة | C29: Al Nadwah | D29: East | E29: =VLOOKUP(C29, Sheet2!C:D, 2, FALSE) -> East | F29: Al Nadwah | G29: No | H29: Yes | I29: No
A30: 100 | B30: سدرة | C30: Sedrah | D30: North | E30: =VLOOKUP(C30, Sheet2!C:D, 2, FALSE) -> East | F30: Sedrah | G30: No | H30: Yes | I30: No
A31: 101 | B31: مطار الملك خالد | C31: King Khalid International Airport | D31: North | E31: =VLOOKUP(C31, Sheet2!C:D, 2, FALSE) -> North | F31: King Khalid International Airport | G31: No | H31: Yes | I31: No | J31: Includes Dhahyat alkhuzam
A32: 144 | B32: الزهرة | C32: Al Zahrah | D32: West | E32: =VLOOKUP(C32, Sheet2!C:D, 2, FALSE) -> West | F32: Al Zahrah | G32: No | H32: Yes | I32: No
A33: 145 | B33: جامعة الملك سعود | C33: King Saud University | D33: West | E33: =VLOOKUP(C33, Sheet2!C:D, 2, FALSE) -> Center | F33: King Saud University | G33: No | H33: Yes | I33: No
A34: 146 | B34: ديراب | C34: Dirab | D34: West | E34: =VLOOKUP(C34, Sheet2!C:D, 2, FALSE) -> West | F34: Dirab | G34: No | H34: Yes | I34: No
A35: 147 | B35: طويق | C35: Tuwaiq | D35: West | E35: =VLOOKUP(C35, Sheet2!C:D, 2, FALSE) -> West | F35: Tuwaiq | G35: No | H35: Yes | I35: No
A36: 148 | B36: المهدية | C36: Al Mahdiyah | D36: West | E36: =VLOOKUP(C36, Sheet2!C:D, 2, FALSE) -> West | F36: Al Mahdiyah | G36: No | H36: Yes | I36: No
A37: 5 | B37: الازدهار | C37: Al Ezdihar | D37: Center | E37: =VLOOKUP(C37, Sheet2!C:D, 2, FALSE) -> Center | F37: Al Ezdihar | G37: Yes
A38: 6 | B38: التعاون | C38: Al Taawun | D38: Center | E38: =VLOOKUP(C38, Sheet2!C:D, 2, FALSE) -> Center | F38: Al Taawun | G38: Yes
A39: 7 | B39: المصيف | C39: Al Maseef | D39: Center | E39: =VLOOKUP(C39, Sheet2!C:D, 2, FALSE) -> Center | F39: Al Maseef | G39: Yes
A40: 8 | B40: المروج | C40: Al Muruj | D40: Center | E40: =VLOOKUP(C40, Sheet2!C:D, 2, FALSE) -> Center | F40: Al Muruj | G40: Yes
A41: 9 | B41: المغرزات | C41: Al Mughrazat | D41: Center | E41: =VLOOKUP(C41, Sheet2!C:D, 2, FALSE) -> Center | F41: Al Mughrazat | G41: Yes
A42: 10 | B42: النزهة | C42: Al Nuzha | D42: Center | E42: =VLOOKUP(C42, Sheet2!C:D, 2, FALSE) -> Center | F42: Al Nuzha | G42: Yes
A43: 11 | B43: المرسلات | C43: Al Mursalat | D43: Center | E43: =VLOOKUP(C43, Sheet2!C:D, 2, FALSE) -> Center | F43: Al Mursalat | G43: Yes
A44: 12 | B44: الملك فهد | C44: King Fahd | D44: Center | E44: =VLOOKUP(C44, Sheet2!C:D, 2, FALSE) -> Center | F44: King Fahd | G44: Yes
A45: 13 | B45: الملك عبدالله | C45: King Abdullah | D45: Center | E45: =VLOOKUP(C45, Sheet2!C:D, 2, FALSE) -> Center | F45: King Abdullah | G45: Yes
A46: 14 | B46: الملك سلمان | C46: King Salman | D46: Center | E46: =VLOOKUP(C46, Sheet2!C:D, 2, FALSE) -> Center | F46: King Salman | G46: Yes | J46: Al Wahah and Salahuddin previously
A47: 15 | B47: الورود | C47: Al Woroud | D47: Center | E47: =VLOOKUP(C47, Sheet2!C:D, 2, FALSE) -> Center | F47: Al Woroud | G47: Yes
A48: 16 | B48: الملك عبدالعزيز | C48: King Abdulaziz | D48: Center | E48: =VLOOKUP(C48, Sheet2!C:D, 2, FALSE) -> Center | F48: King Abdulaziz | G48: Yes
A49: 17 | B49: السليمانية | C49: Al Sulaimaniyah | D49: Center | E49: =VLOOKUP(C49, Sheet2!C:D, 2, FALSE) -> Center | F49: Al Sulaimaniyah | G49: Yes
A50: 18 | B50: العليا | C50: Al Olaya | D50: Center | E50: =VLOOKUP(C50, Sheet2!C:D, 2, FALSE) -> Center | F50: Al Olaya | G50: Yes
A51: 19 | B51: الربوة | C51: Ar Rabwah | D51: Center | E51: =VLOOKUP(C51, Sheet2!C:D, 2, FALSE) -> Center | F51: Ar Rabwah | G51: Yes
A52: 20 | B52: الزهراء | C52: Al Zahra | D52: Center | E52: =VLOOKUP(C52, Sheet2!C:D, 2, FALSE) -> Center | F52: Al Zahra | G52: Yes
A53: 21 | B53: الملز | C53: Al Malaz | D53: Center | E53: =VLOOKUP(C53, Sheet2!C:D, 2, FALSE) -> Center | F53: Al Malaz | G53: Yes
A54: 22 | B54: الوزارات | C54: Al Wizarat | D54: Center | E54: =VLOOKUP(C54, Sheet2!C:D, 2, FALSE) -> Center | F54: Al Wizarat | G54: Yes
A55: 23 | B55: جرير | C55: Jareer | D55: Center | E55: =VLOOKUP(C55, Sheet2!C:D, 2, FALSE) -> Center | F55: Jareer | G55: Yes
A56: 24 | B56: المربع | C56: Al Murabba | D56: Center | E56: =VLOOKUP(C56, Sheet2!C:D, 2, FALSE) -> Center | F56: Al Murabba | G56: Yes
A57: 25 | B57: الفوطة | C57: Al Futah | D57: Center | E57: =VLOOKUP(C57, Sheet2!C:D, 2, FALSE) -> Center | F57: Al Futah | G57: Yes
A58: 26 | B58: العمل | C58: Al Amal | D58: Center | E58: =VLOOKUP(C58, Sheet2!C:D, 2, FALSE) -> Center | F58: Al Amal | G58: Yes
... A88: 74 | B88: المرجان | C88: Al Marjan | D88: East | E88: =VLOOKUP(C88, Sheet2!C:D, 2, FALSE) -> East | F88: Al Marjan | G88: Yes
A89: 75 | B89: النسيم الشرقي | C89: East Naseem | D89: East | E89: =VLOOKUP(C89, Sheet2!C:D, 2, FALSE) -> South | F89: East Naseem | G89: Yes | J89: Will be one district
A90: 76 | B90: النسيم الغربي | C90: West Naseem | D90: East | E90: =VLOOKUP(C90, Sheet2!C:D, 2, FALSE) -> South | F90: West Naseem | G90: Yes | J90: Will be one district
A91: 77 | B91: المنار | C91: Al Manar | D91: East | E91: =VLOOKUP(C91, Sheet2!C:D, 2, FALSE) -> South | F91: Al Manar | G91: Yes
A92: 78 | B92: السعادة | C92: Al Saadah | D92: East | E92: =VLOOKUP(C92, Sheet2!C:D, 2, FALSE) -> South | F92: Al Saadah | G92: Yes
A93: 79 | B93: الفيحاء | C93: Al Fayha | D93: East | E93: =VLOOKUP(C93, Sheet2!C:D, 2, FALSE) -> South | F93: Al Fayha | G93: Yes
A94: 80 | B94: الجزيرة | C94: Al Jazeerah | D94: East | E94: =VLOOKUP(C94, Sheet2!C:D, 2, FALSE) -> South | F94: Al Jazeerah | G94: Yes
A95: 81 | B95: السلي | C95: Al Sulay | D95: East | E95: =VLOOKUP(C95, Sheet2!C:D, 2, FALSE) -> South | F95: Al Sulay | G95: Yes | J95: One district along with with Alsuli Aljanoubi to be classified in East
A96: 82 | B96: الريان | C96: Al Rayan | D96: East | E96: =VLOOKUP(C96, Sheet2!C:D, 2, FALSE) -> South | F96: Al Rayan | G96: Yes
A97: 83 | B97: الروابي | C97: Al Rawabi | D97: East | E97: =VLOOKUP(C97, Sheet2!C:D, 2, FALSE) -> South | F97: Al Rawabi | G97: Yes
A98: 84 | B98: السلام | C98: Al Salam | D98: East | E98: =VLOOKUP(C98, Sheet2!C:D, 2, FALSE) -> South | F98: Al Salam | G98: Yes
A99: 85 | B99: النهضة | C99: Al Nahdah | D99: East | E99: =VLOOKUP(C99, Sheet2!C:D, 2, FALSE) -> East | F99: Al Nahdah | G99: Yes
A100: 86 | B100: الخليج | C100: Al Khaleej | D100: East | E100: =VLOOKUP(C100, Sheet2!C:D, 2, FALSE) -> East | F100: Al Khaleej | G100: Yes
A101: 87 | B101: إشبيلية | C101: Ishbiliyah | D101: East | E101: =VLOOKUP(C101, Sheet2!C:D, 2, FALSE) -> East | F101: Ishbiliyah | G101: Yes
A102: 88 | B102: الحمراء | C102: Al Hamra | D102: East | E102: =VLOOKUP(C102, Sheet2!C:D, 2, FALSE) -> East | F102: Al Hamra | G102: Yes
A103: 89 | B103: الاندلس | C103: Al Andalus | D103: East | E103: =VLOOKUP(C103, Sheet2!C:D, 2, FALSE) -> East | F103: Al Andalus | G103: Yes
A104: 90 | B104: الملك فيصل | C104: King Faisal | D104: East | E104: =VLOOKUP(C104, Sheet2!C:D, 2, FALSE) -> East | F104: King Faisal | G104: Yes
A105: 91 | B105: القدس | C105: Al Quds | D105: East | E105: =VLOOKUP(C105, Sheet2!C:D, 2, FALSE) -> East | F105: Al Quds | G105: Yes
A106: 92 | B106: الروضة | C106: Al Rawdah | D106: East | E106: =VLOOKUP(C106, Sheet2!C:D, 2, FALSE) -> East | F106: Al Rawdah | G106: Yes
A107: 93 | B107: اليرموك | C107: Al Yarmuk | D107: East | E107: =VLOOKUP(C107, Sheet2!C:D, 2, FALSE) -> East | F107: Al Yarmuk | G107: Yes
... A130: 118 | B130: الخير | C130: Al Khair | D130: North | E130: =VLOOKUP(C130, Sheet2!C:D, 2, FALSE) -> North | F130: Al Khair | G130: Yes
A131: 119 | B131: الخزامى | C131: Al Khuzama | D131: West | E131: =VLOOKUP(C131, Sheet2!C:D, 2, FALSE) -> West | F131: Al Khuzama | G131: Yes | J131: Part in Direyah and part in West Riyadh seperated by Omar Bin Al Khattab Rd
A132: 122 | B132: العزيزية | C132: Al Aziziyah | D132: South | E132: =VLOOKUP(C132, Sheet2!C:D, 2, FALSE) -> South | F132: Al Aziziyah | G132: Yes
A133: 123 | B133: الدار البيضاء | C133: Al Dar Al Baida | D133: South | E133: =VLOOKUP(C133, Sheet2!C:D, 2, FALSE) -> South | F133: Al Dar Al Baida | G133: Yes
A134: 124 | B134: المنصورية | C134: Mansuriyah | D134: South | E134: =VLOOKUP(C134, Sheet2!C:D, 2, FALSE) -> South | F134: Mansuriyah | G134: Yes
A135: 125 | B135: المصانع | C135: Al Masani | D135: South | E135: =VLOOKUP(C135, Sheet2!C:D, 2, FALSE) -> South | F135: Al Masani | G135: Yes
A136: 126 | B136: الشفا | C136: Al Shifa | D136: South | E136: =VLOOKUP(C136, Sheet2!C:D, 2, FALSE) -> South | F136: Al Shifa | G136: Yes
A137: 127 | B137: المناخ | C137: Al Manakh | D137: South | E137: =VLOOKUP(C137, Sheet2!C:D, 2, FALSE) -> South | F137: Al Manakh | G137: Yes
A138: 128 | B138: المشاعل | C138: Al Mishael | D138: South | E138: =VLOOKUP(C138, Sheet2!C:D, 2, FALSE) -> South | F138: Al Mishael | G138: Yes
A139: 129 | B139: المروة | C139: Al Marwah | D139: South | E139: =VLOOKUP(C139, Sheet2!C:D, 2, FALSE) -> South | F139: Al Marwah | G139: Yes
A140: 130 | B140: عكاظ | C140: Okaz | D140: South | E140: =VLOOKUP(C140, Sheet2!C:D, 2, FALSE) -> South | F140: Okaz | G140: Yes
A141: 131 | B141: احد | C141: Ohod | D141: South | E141: =VLOOKUP(C141, Sheet2!C:D, 2, FALSE) -> South | F141: Ohod | G141: Yes
A142: 132 | B142: بدر | C142: Badr | D142: South | E142: =VLOOKUP(C142, Sheet2!C:D, 2, FALSE) -> South | F142: Badr | G142: Yes
A143: 133 | B143: الحائر | C143: Al Haer | D143: South | E143: =VLOOKUP(C143, Sheet2!C:D, 2, FALSE) -> South | F143: Al Haer | G143: Yes
... A191: 189 | B191: الحزم | C191: Al Hazm | D191: West | E191: =VLOOKUP(C191, Sheet2!C:D, 2, FALSE) -> West | F191: Al Hazm | G191: Yes

Sheet Sheet2
A1: Number | B1: District Name in Arabic | C1: District Name in English | D1: New Region | E1: Done (Yes or No) | F1: Need to be checked (Yes or No) | G1: Empty based on google map (Yes or No) | H1: Comments | I1: Population
A2: 1 | B2: الازدهار | C2: Al Ezdihar | D2: Center | E2: Yes | I2: 35507
A3: 2 | B3: التعاون | C3: Al Taawun | D3: Center | E3: Yes | I3: 49965
A4: 3 | B4: المصيف | C4: Al Maseef | D4: Center | E4: Yes | I4: 42594
A5: 4 | B5: المروج | C5: Al Muruj | D5: Center | E5: Yes | I5: 39391
A6: 5 | B6: المغرزات | C6: Al Mughrazat | D6: Center | E6: Yes | I6: 16460
A7: 6 | B7: النزهة | C7: Al Nuzha | D7: Center | E7: Yes | I7: 27415
A8: 7 | B8: المرسلات | C8: Al Mursalat | D8: Center | E8: Yes | I8: 20338
A9: 8 | B9: الملك فهد | C9: King Fahd | D9: Center | E9: Yes | I9: 34511
A10: 9 | B10: الملك عبدالله | C10: King Abdullah | D10: Center | E10: Yes | I10: 17697
A11: 10 | B11: الملك سلمان | C11: King Salman | D11: Center | E11: Yes | H11: Al Wahah and Salahuddin previously | I11: 26336
A12: 11 | B12: الورود | C12: Al Woroud | D12: Center | E12: Yes | I12: 39241
A13: 12 | B13: الملك عبدالعزيز | C13: King Abdulaziz | D13: Center | E13: Yes | I13: 55187
A14: 13 | B14: السليمانية | C14: Al Sulaimaniyah | D14: Center | E14: Yes | I14: 90252
A15: 14 | B15: العليا | C15: Al Olaya | D15: Center | E15: Yes | I15: 118753
A16: 15 | B16: الربوة | C16: Ar Rabwah | D16: Center | E16: Yes | I16: 70591
A17: 16 | B17: الزهراء | C17: Al Zahra | D17: Center | E17: Yes | I17: 18684
A18: 17 | B18: الملز | C18: Al Malaz | D18: Center | E18: Yes | I18: 93066
A19: 18 | B19: الوزارات | C19: Al Wizarat | D19: Center | E19: Yes | I19: 65790
A20: 19 | B20: جرير | C20: Jareer | D20: Center | E20: Yes | I20: 30972
A21: 20 | B21: المربع | C21: Al Murabba | D21: Center | E21: Yes | I21: 58068
A22: 21 | B22: الفوطة | C22: Al Futah | D22: Center | E22: Yes | I22: 15526
A23: 22 | B23: العمل | C23: Al Amal | D23: Center | E23: Yes | I23: 20513
... A94: 156 | B94: الندوة | C94: Al Nadwah | D94: East | E94: Yes | I94: 43383
A95: 158 | B95: البساتين | C95: Al Basatin | D95: East | E95: Yes | H95: Includes Dhahyat Al Fursan | I95: 0
A96: 78 | B96: الفلاح | C96: Al Falah | D96: North | E96: Yes | I96: 24782
A97: 79 | B97: النفل | C97: Al Nafel | D97: North | E97: Yes | I97: 49438
A98: 80 | B98: الغدير | C98: Al Ghadeer | D98: North | E98: Yes | I98: 21308
A99: 81 | B99: العقيق | C99: Al Aqeeq | D99: North | E99: Yes | I99: 53471
A100: 82 | B100: حطين | C100: Hiteen | D100: North | E100: Yes | I100: 35795
A101: 83 | B101: الملقا | C101: Al Malqa | D101: North | E101: Yes | I101: 87931
A102: 84 | B102: الصحافة | C102: Al Sahafah | D102: North | E102: Yes | I102: 52135
A103: 85 | B103: الربيع | C103: Ar Rabie | D103: North | E103: Yes | I103: 35054
A104: 86 | B104: الندى | C104: Al Nada | D104: North | E104: Yes | I104: 19017
A105: 87 | B105: الياسمين | C105: Al Yasmeen | D105: North | E105: Yes | I105: 107229
A106: 88 | B106: جامعة الامام محمد بن سعود الاسلامية | C106: Imam Muhammed Bin Saud Islamic University | D106: North | E106: Yes | I106: 6241
A107: 89 | B107: النرجس | C107: Al Narjis | D107: North | E107: Yes | I107: 82800
... A113: 184 | B113: سدرة | C113: Sedrah | D113: East | E113: Yes | I113: 0
A114: 185 | B114: مطار الملك خالد | C114: King Khalid International Airport | D114: North | E114: Yes | H114: Includes Dhahyat Al Khuzam | I114: 17031
A115: 53 | B115: النسيم الشرقي | C115: East Naseem | D115: South | E115: Yes | I115: 139943
A116: 54 | B116: النسيم الغربي | C116: West Naseem | D116: South | E116: Yes | I116: 159949
A117: 55 | B117: المنار | C117: Al Manar | D117: South | E117: Yes | I117: 26584
A118: 56 | B118: السعادة | C118: Al Saadah | D118: South | E118: Yes | I118: 83187
A119: 57 | B119: الفيحاء | C119: Al Fayha | D119: South | E119: Yes | I119: 58107
A120: 58 | B120: الجزيرة | C120: Al Jazeerah | D120: South | E120: Yes | I120: 39842
A121: 59 | B121: السلي | C121: Al Sulay | D121: South | E121: Yes | H121: One district along with with Alsuli Aljanoubi to be classified in East | I121: 42558
A122: 60 | B122: الريان | C122: Al Rayan | D122: South | E122: Yes | I122: 38492
A123: 61 | B123: الروابي | C123: Al Rawabi | D123: South | E123: Yes | I123: 57209
A124: 62 | B124: السلام | C124: Al Salam | D124: South | E124: Yes | I124: 50079
A125: 77 | B125: النور | C125: Al Noor | D125: South | E125: Yes | I125: 6279
A126: 96 | B126: العزيزية | C126: Al Aziziyah | D126: South | E126: Yes | I126: 175897
A127: 97 | B127: الدار البيضاء | C127: Al Dar Al Baida | D127: South | E127: Yes | I127: 157909
A128: 98 | B128: المنصورية | C128: Mansuriyah | D128: South | E128: Yes | I128: 2617
A129: 99 | B129: المصانع | C129: Al Masani | D129: South | E129: Yes | I129: 14321
A130: 100 | B130: الشفا | C130: Al Shifa | D130: South | E130: Yes | I130: 70513
A131: 101 | B131: المناخ | C131: Al Manakh | D131: South | E131: Yes | I131: 25114
A132: 102 | B132: المشاعل | C132: Al Mishael | D132: South | E132: Yes | I132: 21117
A133: 103 | B133: المروة | C133: Al Marwah | D133: South | E133: Yes | I133: 17743
... A147: 117 | B147: الدفاع | C147: Al Difaa | D147: South | E147: Yes | I147: 11288
A148: 95 | B148: الخزامى | C148: Al Khuzama | D148: West | E148: Yes | H148: Part in Direyah and part in West Riyadh seperated by Omar Bin Al Khattab Rd | I148: 8936
A149: 134 | B149: سلطانة | C149: Sultanah | D149: West | E149: Yes | I149: 23951
A150: 135 | B150: السويدي | C150: Al Suwaidi | D150: West | E150: Yes | I150: 58475
A151: 136 | B151: شبرا | C151: Shubra | D151: West | E151: Yes | I151: 39342
A152: 137 | B152: نمار | C152: Namar | D152: West | E152: Yes | I152: 17510
A153: 138 | B153: العوالي | C153: Al Awaly | D153: West | E153: Yes | I153: 47109
A154: 139 | B154: السويدي الغربي | C154: West Suwaidi | D154: West | E154: Yes | I154: 42356
A155: 140 | B155: العريجاء الغربي | C155: West Oraija | D155: West | E155: Yes | I155: 104688
A156: 141 | B156: ظهرة البديعة | C156: Dhahrat Al Badeah | D156: West | E156: Yes | I156: 49357
A157: 143 | B157: العريجاء الأوسط | C157: Middle Oraija | D157: West | E157: Yes | I157: 52233
A158: 144 | B158: العريجاء | C158: Al Uraija | D158: West | E158: Yes | I158: 9146
A159: 147 | B159: لبن | C159: Laban | D159: West | E159: Yes | I159: 33229
A160: 148 | B160: السفارات | C160: Assafarat | D160: West | E160: Yes | I160: 5558
... A169: 190 | B169: المهدية | C169: Al Mahdiyah | D169: West | E169: Yes | I169: 37067
A170: 157 | B170: الراية | C170: Al Rayah | D170: East | E170: No | F170: No | G170: Yes | I170: 50
A171: 159 | B171: الشعلة | C171: Al Sholah | D171: East | E171: No | F171: No | G171: Yes | I171: 50
A172: 160 | B172: الزاهر | C172: Al Zaher | D172: East | E172: No | F172: No | G172: Yes | I172: 344
A173: 161 | B173: الزهور | C173: Al Zahour | D173: East | E173: No | F173: No | G173: Yes | I173: 0
A174: 162 | B174: المجد | C174: Al Majd | D174: East | E174: No | F174: No | G174: Yes | I174: 0
A175: 163 | B175: الرسالة | C175: Al Risalah | D175: East | E175: No | F175: No | G175: Yes | I175: 50
A176: 164 | B176: العلا | C176: Al Ula | D176: East | E176: No | F176: No | G176: Yes | I176: 50
A177: 165 | B177: الدانة | C177: Al Danah | D177: East | E177: No | F177: No | G177: Yes | I177: 0
A178: 166 | B178: النخبة | C178: Al Nakhbah | D178: East | E178: No | F178: No | G178: Yes | I178: 50
A179: 167 | B179: البشائر | C179: Al Bashaer | D179: East | E179: No | F179: No | G179: Yes | I179: 0
A180: 168 | B180: المشرق | C180: Al Mashriq | D180: East | E180: No | F180: No | G180: Yes | I180: 351
A181: 169 | B181: الوسام | C181: Al Wasam | D181: East | E181: No | F181: No | G181: Yes | I181: 1890
... A187: 175 | B187: أم الشعال | C187: Umm Al Shaal | D187: South | E187: No | F187: No | G187: Yes | I187: 0
A188: 179 | B188: السهباء | C188: Asehbaa | D188: South | E188: No | F188: No | G188: Yes | H188: A separate district but part of Al Haer | I188: 0
A189: 176 | B189: وادي لبن | C189: Wady Laban | D189: West | E189: No | F189: No | G189: Yes | H189: Hajar checked and commercial streets are there | I189: 11867
A190: 177 | B190: ضاحية نمار | C190: Dahiyat Namar | D190: West | E190: No | F190: No | G190: Yes | H190: Hajar checked and commercial streets are there | I190: 14409
A191: 178 | B191: مدينة الملك عبدالله للطاقة | C191: King Abdullah City For Energy | D191: West | E191: No | F191: No | G191: Yes | I191: 0
